<?xml version="1.0" encoding="UTF-8"?>
<project-private xmlns="http://www.netbeans.org/ns/project-private/1">
    <editor-bookmarks xmlns="http://www.netbeans.org/ns/editor-bookmarks/2" lastBookmarkId="0"/>
    <open-files xmlns="http://www.netbeans.org/ns/projectui-open-files/2">
        <group>
            <file>file:/C:/Users/TAUFIK%20IKROM%20JAMIL/Documents/target/projekakhir/src/projekakhir/menuutama.java</file>
            <file>file:/C:/Users/TAUFIK%20IKROM%20JAMIL/Documents/target/projekakhir/src/projekakhir/STUDENT.java</file>
            <file>file:/C:/Users/TAUFIK%20IKROM%20JAMIL/Documents/target/projekakhir/src/projekakhir/koneksi.java</file>
            <file>file:/C:/Users/TAUFIK%20IKROM%20JAMIL/Documents/target/projekakhir/src/projekakhir/Projekakhir.java</file>
            <file>file:/C:/Users/TAUFIK%20IKROM%20JAMIL/Documents/target/projekakhir/src/projekakhir/login.java</file>
            <file>file:/C:/Users/TAUFIK%20IKROM%20JAMIL/Documents/target/projekakhir/src/projekakhir/tebelstudent.java</file>
            <file>file:/C:/Users/TAUFIK%20IKROM%20JAMIL/Documents/target/projekakhir/src/projekakhir/Bayar.java</file>
        </group>
    </open-files>
</project-private>
